<Mood>
	<Light EnableStars="1" Latitude="47.5" DayTime01="0.75" LocalLightX="1" HelperHdrX="1">
		<LAmbient Color="ffe3ed" Scale="0.738049"/>
		<LDirSun Color="ff8f39" Scale="3.00021"/>
		<LDirMoon Color="" Scale="1"/>
		<T3SpecularLocal ScaleIntens="2" ScaleExponent="2"/>
		<T3LightMap MaxHDR="1.5" BounceFactor="2" SkyFactor="0.7" SkyUseClouds="1"/>
	</Light>
	<Fog Enabled="1" DepthMin="16" DepthMax="3000" Exponant="0.7" IntensMin="0" IntensMax="0.762" Color="827a89">
		<Height YBottom="-10" YTop="200" MulBottom="0.88" MulTop="1"/>
		<Clouds DepthMax="30000" Exponant="1.5" IntensMax="0.732"/>
		<SkyClouds GlobalIntens="0.04"/>
		<WaterFog Version="1" CausticIntens="10" CausticSize="3" CausticPeriodMs="2500"/>
	</Fog>
	<Fx>
		<T3Bloom StreaksIntens="0.2" StreaksAttenuation="0.7">
			<HdrNorm_to_Intens>
				<Key In="0" Out="0"/>
				<Key In="1" Out="0"/>
				<Key In="2" Out="0.5"/>
				<Key In="64" Out="0.01"/>
			</HdrNorm_to_Intens>
		</T3Bloom>
		<T3ToneMap FilmCurve="Preset3">
			<AutoExp MinExposure="-2" MaxExposure="4.5" SecondsToMidFalloff="0.3">
				<AvgLumi_to_KeyValue>
					<Key In="0" Out="0.02"/>
					<Key In="0.01" Out="0.045"/>
					<Key In="0.05" Out="0.1"/>
					<Key In="0.2" Out="0.23"/>
					<Key In="0.5" Out="0.4"/>
					<Key In="1" Out="0.5"/>
				</AvgLumi_to_KeyValue>
			</AutoExp>
		</T3ToneMap>
	</Fx>
</Mood>