<Mood>
	<Light EnableStars="1" Latitude="47.5" DayTime01="0.492" LocalLightX="1" HelperHdrX="1">
		<LAmbient Color="d7e3ff" Scale="0.57103"/>
		<LDirSun Color="ffea9f" Scale="1.26005"/>
		<LDirMoon Color="" Scale="1"/>
		<T3SpecularLocal ScaleIntens="1" ScaleExponent="3"/>
		<T3LightMap MaxHDR="2.2" BounceFactor="2" SkyFactor="1" SkyUseClouds="1"/>
	</Light>
	<Atmo MoonHdrScale="0.1" FxSmSelfIllumScaleGamePlay="1">
		<HdrSun Power="500000">
			<Atmo1 Power="30" Color="ffe7ba" Scale="0.300012"/>
			<Atmo2 Power="2" Color="fff4d9" Scale="0.180008"/>
		</HdrSun>
		<Clouds MinRgb="" MinRgbX="1" MaxRgb="ffffff" MaxRgbX="1.00005" GodLightIntens="0.2" SunThroughIntens="0.5">
			<EdgeLight>
				<Layer0 Power="15" Scale="1"/>
				<Layer1 Power="2" Scale="1"/>
				<Layer2 Power="1" Scale="1"/>
			</EdgeLight>
			<LightDir Back_Dot="-0.1" Back_Intens="0.012" Front_Dot="1" Front_Intens="0.654"/>
		</Clouds>
		<CloudsX2 MinRgb="e9f1ff" MinRgbX="0.40002" MaxRgb="fffef8" MaxRgbX="0.58003"/>
		<CloudsVortex MinRgb="" MaxRgb="ffffff"/>
		<FogMatter Count="2">
			<Matter0 Id="Forest" Density="0.0005" Color="536c6c"/>
			<Matter1 Id="ForestRoad2Way" Density="0.001" Color="8caa98"/>
		</FogMatter>
	</Atmo>
	<Fog Enabled="1" DepthMin="20" DepthMax="2500" Exponant="0.7" IntensMin="0" IntensMax="0.812" Color="707070">
		<Height YBottom="-500" YTop="500" MulBottom="0" MulTop="0.884"/>
		<Clouds DepthMax="28000" Exponant="1" IntensMax="0.812"/>
		<SkyClouds GlobalIntens="0.2"/>
		<WaterFog Version="1" CausticIntens="10" CausticSize="3" CausticPeriodMs="2500"/>
	</Fog>
	<Fx>
		<T3Bloom StreaksIntens="0.2" StreaksAttenuation="0.6">
			<HdrNorm_to_Intens>
				<Key In="0" Out="0"/>
				<Key In="1" Out="0"/>
				<Key In="1.5" Out="0.8"/>
				<Key In="64" Out="0.01"/>
			</HdrNorm_to_Intens>
		</T3Bloom>
		<T3ToneMap FilmCurve="Preset3">
			<AutoExp MinExposure="-4" MaxExposure="4" SecondsToMidFalloff="0.3">
				<AvgLumi_to_KeyValue>
					<Key In="0.001" Out="0.03"/>
					<Key In="0.005" Out="0.04"/>
					<Key In="0.01" Out="0.08"/>
					<Key In="0.04" Out="0.11"/>
					<Key In="0.07" Out="0.14"/>
					<Key In="0.1" Out="0.2"/>
					<Key In="0.15" Out="0.24"/>
					<Key In="0.2" Out="0.25"/>
					<Key In="0.25" Out="0.28"/>
					<Key In="0.3" Out="0.3"/>
					<Key In="0.4" Out="0.4"/>
					<Key In="0.6" Out="0.6"/>
					<Key In="1" Out="1"/>
					<Key In="1.5" Out="1"/>
				</AvgLumi_to_KeyValue>
			</AutoExp>
		</T3ToneMap>
		<ColorGrading FileName="" Intensity="1"/>
	</Fx>
</Mood>