<Mood>
	<Light EnableStars="1" Latitude="47.5" DayTime01="0.75" LocalLightX="1" HelperHdrX="1">
		<LAmbient Color="ffe3ed" Scale="0.738049"/>
		<LDirSun Color="ff8f39" Scale="3.00021"/>
		<LDirMoon Color="" Scale="1"/>
		<T3SpecularLocal ScaleIntens="2" ScaleExponent="2"/>
		<T3LightMap MaxHDR="1.5" BounceFactor="2" SkyFactor="0.7" SkyUseClouds="1"/>
	</Light>
	<Atmo MoonHdrScale="0" FxSmSelfIllumScaleGamePlay="1" FogUseLighting="0">
		<HdrSun Power="500000">
			<Atmo1 Power="200" Color="ff5f12" Scale="2.00004"/>
			<Atmo2 Power="2" Color="ffaa69" Scale="1.00002"/>
		</HdrSun>
		<Clouds MinRgb="000000" MinRgbX="1" MaxRgb="ffffff" MaxRgbX="1.00007" GodLightIntens="0.2" SunThroughIntens="0.5">
			<EdgeLight>
				<Layer0 Power="10" Scale="2"/>
				<Layer1 Power="2" Scale="1"/>
				<Layer2 Power="1" Scale="1"/>
			</EdgeLight>
			<LightDir Back_Dot="0.644" Back_Intens="0.146" Front_Dot="1" Front_Intens="0.73"/>
		</Clouds>
		<CloudsX2 MinRgb="dadfff" MinRgbX="0.392028" MaxRgb="fffdfc" MaxRgbX="0.647049"/>
		<CloudsVortex MinRgb="000000" MaxRgb="ffffff"/>	
		<FogMatter Count="2">
			<Matter0 Id="Forest" Density="0.0015" Color="785849" diffuse=""/>
			<Matter1 Id="ForestRoad2Way" Density="0.001" Color="8caa98" diffuse=""/>
		</FogMatter>
	</Atmo>
	<Fog Enabled="1" DepthMin="16" DepthMax="3000" Exponant="0.7" IntensMin="0" IntensMax="0.762" Color="827a89">
		<Height YBottom="-10" YTop="200" MulBottom="0.88" MulTop="1"/>
		<Clouds DepthMax="30000" Exponant="1.5" IntensMax="0.732"/>
		<SkyClouds GlobalIntens="0.04"/>
		<WaterFog Version="1" CausticIntens="10" CausticSize="3" CausticPeriodMs="2500"/>
	</Fog>
	<Fx>
		<T3Bloom StreaksIntens="0.2" StreaksAttenuation="0.7">
			<HdrNorm_to_Intens>
				<Key In="0" Out="0"/>
				<Key In="1" Out="0"/>
				<Key In="2" Out="0.5"/>
				<Key In="64" Out="0.01"/>
			</HdrNorm_to_Intens>
		</T3Bloom>
		<T3ToneMap FilmCurve="Preset3">
			<AutoExp MinExposure="-2" MaxExposure="4.5" SecondsToMidFalloff="0.3">
				<AvgLumi_to_KeyValue>
					<Key In="0" Out="0.02"/>
					<Key In="0.01" Out="0.045"/>
					<Key In="0.05" Out="0.1"/>
					<Key In="0.2" Out="0.23"/>
					<Key In="0.5" Out="0.4"/>
					<Key In="1" Out="0.5"/>
				</AvgLumi_to_KeyValue>
			</AutoExp>
		</T3ToneMap>		
	</Fx>
</Mood>
